지리정보(WKT),지형지물부호,관리번호,행정읍면동,도엽번호,도로구간번호,지하차도명,총연장,총면적,구체연장,구체면적,구체높이,일반제원_통행제한 높이,폭원_계,폭원_차도,왕복차로수,대장초기화여부
"MULTIPOLYGON (((237528.070129395 427946.980102539,237534.220092773 427916.200073242,237493.540100098 427921.92010498,237487.230102539 427953.17010498,237528.070129395 427946.980102539)))",지하차도,2,대전광역시 대덕구 ,36710027,13850,,42,1227.07,0,0,0,0,0,0,6,1
"MULTIPOLYGON (((238259.00012207 420721.990112305,238222.830078125 420712.50012207,238220.770080566 420720.340087891,238256.950073242 420729.830078125,238259.00012207 420721.990112305)))",지하차도,4,대전광역시 대덕구 ,36710048,13851,,37.4,303.11,0,0,0,0,0,0,2,1
"MULTIPOLYGON (((237855.960083008 423736.910095215,237803.530090332 423734.75012207,237804.020080566 423737.150085449,237856.330078125 423739.440124512,237855.960083008 423736.910095215)))",지하차도,5,대전광역시 대덕구 ,36710037,108092,,52.5,128.14,0,0,0,0,0,0,1,1
"MULTIPOLYGON (((237795.950073242 423232.990112305,237794.700073242 423230.240112305,237791.930114746 423231.480102539,237780.700073242 423236.460083008,237777.820129395 423237.790100098,237779.130126953 423240.700073242,237781.560119629 423239.620117188,237792.790100098 423234.460083008,237795.950073242 423232.990112305)))",지하차도,6,대전광역시 대덕구 ,36710037,108863,,18.5,58.13,0,0,0,0,0,0,1,1
"MULTIPOLYGON (((237708.520080566 423274.640075684,237707.410095215 423272.17010498,237705.370117188 423273.090087891,237692.480102539 423278.830078125,237676.590087891 423285.930114746,237674.230102539 423286.960083008,237673.320129395 423287.370117188,237668.950073242 423289.320129395,237663.090087891 423291.910095215,237661.300109863 423292.75012207,237662.400085449 423295.220092773,237664.050109863 423294.50012207,237669.880126953 423291.880126953,237673.300109863 423290.42010498,237675.050109863 423289.680114746,237675.120117188 423289.650085449,237677.440124512 423288.600097656,237693.410095215 423281.440124512,237706.160095215 423275.710083008,237708.520080566 423274.640075684)))",지하차도,7,대전광역시 대덕구 ,36710037,108863,,50.5,139.12,0,0,0,0,0,0,1,1
"MULTIPOLYGON (((235901.399 417952.258,235904.063 417948.692,235913.636 417935.104,235922.637 417921.489,235932.532 417905.616,235940.517 417892.92,235948.536 417879.778,235957.989 417864.587,236024.33 417758.271,236046.485 417705.872,236077.796 417626.432,236079.087 417621.794,236080.78 417615.08,236082.73 417606.932,236087.238 417585.049,236088.548 417578.22,236089.818 417571.092,236090.76 417564.923,236092.639 417551.667,236093.451 417545.334,236095.804 417522.202,236096.392 417511.365,236096.78 417502.721,236097.007 417492.151,236097.049 417476.642,236096.845 417466.846,236080.846 417468.714,236080.984 417469.192,236081.041 417477.072,236081.007 417486.461,236080.954 417494.187,236080.689 417502.652,236080.312 417511.298,236080.073 417516.032,236078.222 417538.442,236077.03 417548.734,236075.2 417561.99,236073.297 417574.034,236070.751 417587.855,236068.327 417599.367,236065.468 417612.04,236062.945 417622.253,236034.941 417702.368,236010.478 417753.9,235944.786 417856.565,235940.403 417863.354,235932.72 417875.701,235922.183 417892.578,235914.283 417905.429,235908.976 417913.856,235903.589 417921.881,235901.513 417924.868,235897.914 417930.045,235893.208 417936.727,235886.367 417946.075,235879.054 417955.652,235876.965 417958.276,235890.127 417967.286,235894.852 417961.023,235901.399 417952.258)))",지하차도,8,대전광역시 대덕구 ,36710056,35349,삼천지하차도,545,8175.72,0,0,4.5,0,0,0,8,1
"MULTIPOLYGON (((242312.070129395 413359.930114746,242289.290100098 413337.490112305,242262.080078125 413346.560119629,242234.800109863 413355.360107422,242231.820129395 413356.340087891,242254.67010498 413379.190124512,242312.070129395 413359.930114746)))",지하차도,9,대전광역시 동구 ,36710079,13576,,60,1731.44,0,0,0,0,0,0,1,1
"MULTIPOLYGON (((242433.710083008 413328.180114746,242411.900085449 413294.050109863,242385.110107422 413303.680114746,242406.630126953 413336.700073242,242433.710083008 413328.180114746)))",지하차도,10,대전광역시 동구 ,36710079,13582,,28.5,1100.95,0,0,0,0,0,0,2,1
"MULTIPOLYGON (((240835.50012207 409802.790100098,240830.730102539 409800.700073242,240822.310119629 409809.540100098,240827.480102539 409811.790100098,240835.50012207 409802.790100098)))",지하차도,11,대전광역시 동구 ,36710089,60251,,12,62.17,0,0,0,0,0,0,1,1
"MULTIPOLYGON (((240766.640075684 409834.450073242,240758.620117188 409829.520080566,240747.280090332 409836.400085449,240747.800109863 409836.720092773,240755.850097656 409841.630126953,240766.640075684 409834.450073242)))",지하차도,12,대전광역시 동구 ,36710089,60251,,12.2,114.54,0,0,0,4.3,0,0,1,1
"MULTIPOLYGON (((239646.408081055 414810.224121094,239658.608093262 414822.196105957,239720.81231678 414755.77114011,239780.42010498 414691.900085449,239830.110107422 414599.590087891,239850.530090332 414554.150085449,239869.75012207 414511.620117188,239887.17010498 414472.470092773,239872.340087891 414466.080078125,239866.210083008 414479.620117188,239839.580078125 414538.820129395,239815.360107422 414592.840087891,239767.650085449 414682.070129395,239710.558936278 414746.306712071,239646.408081055 414810.224121094)))",지하차도,13,대전광역시 동구 ,36710068,18289,대동지하차도,420,6626.28,0,0,0,0,0,0,6,1
"MULTIPOLYGON (((241678.930114746 413478.190124512,241675.180114746 413478.140075684,241675.030090332 413495.610107422,241690.560119629 413495.690124512,241703.780090332 413495.790100098,241712.480102539 413495.860107422,241756.970092773 413496.600097656,241774.300109863 413496.970092773,241794.990112305 413497.100097656,241796.940124512 413497.130126953,241809.700073242 413497.450073242,241834.900085449 413498.060119629,241861.080078125 413498.870117188,241870.910095215 413499.160095215,241880.92010498 413499.540100098,241890.880126953 413499.92010498,241899.130126953 413500.230102539,241907.090087891 413500.540100098,241908.300109863 413500.600097656,241915.17010498 413500.890075684,241923.030090332 413501.25012207,241929.630126953 413501.580078125,241939.260070801 413502.200073242,241949.660095215 413502.720092773,241957.050109863 413503.110107422,241962.650085449 413503.380126953,241966.210083008 413503.560119629,241970.370117188 413503.820129395,241974.930114746 413504.100097656,241978.930114746 413504.310119629,241982.640075684 413504.530090332,241988.300109863 413504.840087891,241996.380126953 413505.340087891,241999.630126953 413505.590087891,242004.540100098 413505.960083008,242011.040100098 413506.620117188,242016.340087891 413507.210083008,242026.950073242 413508.660095215,242036.650085449 413510.270080566,242046.280090332 413512.140075684,242054.120117188 413513.870117188,242059.400085449 413515.160095215,242066.740112305 413517.060119629,242073.270080566 413518.950073242,242078.300109863 413520.430114746,242082.760070801 413521.840087891,242089.710083008 413524.17010498,242095.490112305 413507.740112305,242090.660095215 413506.120117188,242081.220092773 413503.150085449,242071.740112305 413500.430114746,242065.850097656 413498.830078125,242054.840087891 413496.200073242,242038.840087891 413493.050109863,242031.360107422 413491.790100098,242023.220092773 413490.600097656,242015.780090332 413489.660095215,242008.830078125 413488.960083008,242000.540100098 413488.280090332,241992.510070801 413487.760070801,241984.42010498 413487.300109863,241976.540100098 413486.850097656,241968.520080566 413486.410095215,241960.410095215 413485.990112305,241952.160095215 413485.580078125,241943.830078125 413485.17010498,241930.590087891 413484.530090332,241919.760070801 413484.070129395,241897.120117188 413483.110107422,241864.140075684 413481.820129395,241852.75012207 413481.410095215,241849.590087891 413481.300109863,241846.130126953 413481.200073242,241843.550109863 413481.120117188,241839.92010498 413481.00012207,241832.460083008 413480.75012207,241828.760070801 413480.640075684,241826.450073242 413480.550109863,241819.700073242 413480.380126953,241807.490112305 413480.040100098,241803.160095215 413479.910095215,241796.900085449 413479.770080566,241795.220092773 413479.740112305,241786.450073242 413479.560119629,241776.460083008 413479.330078125,241766.440124512 413479.17010498,241757.060119629 413479.040100098,241755.800109863 413479.020080566,241745.890075684 413478.870117188,241735.620117188 413478.730102539,241727.810119629 413478.650085449,241719.940124512 413478.590087891,241712.00012207 413478.50012207,241703.340087891 413478.42010498,241694.960083008 413478.340087891,241686.230102539 413478.25012207,241678.930114746 413478.190124512)))",지하차도,14,대전광역시 동구 ,36710079,14074,판암지하차도,420,7268.83,0,0,5,0,0,0,4,1
"MULTIPOLYGON (((239488.42010498 409020.780090332,239487.710083008 409019.310119629,239481.080078125 409019.550109863,239481.67010498 409021.150085449,239501.180114746 409054.270080566,239507.600097656 409053.450073242,239507.150085449 409052.590087891,239488.42010498 409020.780090332)))",지하차도,15,대전광역시 동구 ,36710088,56891,,40,239.49,0,0,5,0,0,0,1,1
"MULTIPOLYGON (((235396.200073242 412216.92010498,235387.810119629 412214.090087891,235367.870117188 412276.220092773,235364.130126953 412286.790100098,235347.540100098 412336.690124512,235325.100097656 412404.640075684,235333.730102539 412407.060119629,235355.760070801 412341.030090332,235373.200073242 412286.830078125,235375.930114746 412278.870117188,235396.200073242 412216.92010498)))",지하차도,16,대전광역시 중구 ,36710076,20015,담대가도교,200,1775.85,0,0,0,0,0,0,4,1
"MULTIPOLYGON (((236184.160095215 408695.110107422,236191.980102539 408686.75012207,236186.990112305 408686.970092773,236182.990112305 408691.240112305,236177.480102539 408697.130126953,236154.340087891 408721.860107422,236153.220092773 408723.050109863,236146.830078125 408729.890075684,236151.470092773 408730.050109863,236158.190124512 408722.870117188,236159.320129395 408721.660095215,236182.330078125 408697.070129395,236182.75012207 408696.620117188,236184.160095215 408695.110107422)))",지하차도,17,대전광역시 중구 ,36710087,56894,,58,206.62,0,0,5,0,0,0,1,1
"MULTIPOLYGON (((234554.764099121 418028.735107422,234493.106079102 418028.931091309,234484.858093262 418028.957092285,234385.099121094 418029.239074707,234333.778076172 418029.197875977,234332.620117188 418028.981079102,234332.210083008 418045.075073242,234332.392089844 418044.879882812,234332.778076172 418044.770874023,234332.889099121 418044.765075684,234484.484130859 418045.312072754,234493.366088867 418045.296875,234554.69909668 418045.195129395,234566.458496094 418044.855895996,234592.010070801 418044.890075684,234601.090087891 418044.900085449,234605.620117188 418044.900085449,234605.360107422 418044.720092773,234604.960083008 418044.17010498,234604.740112305 418043.440124512,234604.730102539 418029.890075684,234604.820129395 418029.640075684,234605.070129395 418029.290100098,234594.472900391 418029.334289551,234554.764099121 418028.735107422)))",지하차도,18,대전광역시 서구 ,36710056,37122,정부청사지하차도,272,4361.99,0,0,0,0,0,0,4,1
"MULTIPOLYGON (((233890.610107422 416717.830078125,233869.910095215 416705.610107422,233850.92010498 416733.900085449,233833.42010498 416757.390075684,233815.060119629 416777.119873047,233796.460083008 416795.569885254,233778.100097656 416812.009887695,233758.42010498 416828.030090332,233743.140075684 416839.050109863,233721.720092773 416853.819885254,233688.970092773 416875.270080566,233701.730102539 416895.730102539,233735.110107422 416873.739929199,233756.970092773 416858.67010498,233773.030090332 416847.090087891,233793.690124512 416830.270080566,233812.930114746 416813.040100098,233832.300109863 416793.819885254,233851.880126953 416772.780090332,233870.520080566 416747.770080566,233890.610107422 416717.830078125)))",지하차도,19,대전광역시 서구 ,36710066,14067,갈마지하차도,256.3,6153.73,0,0,0,0,0,0,10,1
"MULTIPOLYGON (((234306.707092285 417816.176086426,234306.038085938 417798.025085449,234169.07611084 417797.74810791,234139.329101562 417797.767883301,234106.903076172 417797.790100098,234083.647094727 417797.806091309,234037.917114258 417797.837097168,233961.967102051 417797.889099121,233928.972106934 417797.910888672,233785.008117676 417797.929077148,233774.75012207 417798.077880859,233776.225097656 417815.94909668,233776.469116211 417815.74609375,233776.808105469 417815.69708252,233929.310119629 417815.580871582,233963.990112305 417815.546875,234036.393127441 417815.475097656,234084.117126465 417815.428100586,234106.834106445 417815.405090332,234140.100097656 417815.37310791,234168.415100098 417815.345092773,234304.69708252 417815.584106445,234305.141113281 417815.791870117,234306.707092285 417816.176086426)))",지하차도,20,대전광역시 서구 ,36710056,35364,둔산지하차도,530,9367.07,0,0,0,0,0,0,4,1
"MULTIPOLYGON (((234126.090087891 418608.866088867,234158.626098633 418608.860107422,234311.646118164 418609.127075195,234361.716125488 418609.24609375,234362.819091797 418584.743103027,234311.646118164 418584.569885254,234197.271118164 418584.184082031,234158.539123535 418584.183105469,234127.311096191 418584.183105469,234119.601074219 418584.181884766,234103.813110352 418584.181884766,234082.651123047 418584.181884766,234039.469116211 418584.181091309,233987.178100586 418584.179077148,233917.582092285 418584.178100586,233759.231079102 418584.861083984,233747.331115723 418584.912109375,233748.412109375 418609.558105469,233749.372070312 418609.476074219,233749.513122559 418609.256103516,233749.620117188 418609.142089844,233749.732116699 418609.022888184,233759.231079102 418609.015930176,233918.200073242 418608.905090332,233986.67010498 418608.892089844,234039.217102051 418608.882873535,234082.829101562 418608.874084473,234103.716125488 418608.869873047,234119.353088379 418608.868103027,234126.090087891 418608.866088867)))",지하차도,21,대전광역시 서구 ,36710056,46993,한밭지하차도,612,15115.68,0,0,0,0,0,0,6,1
"MULTIPOLYGON (((234127.032000001 420056.595000004,234127.016000002 420047.263,233992.654308661 420044.588331621,233937.865127182 420016.135043256,233934.593008313 420023.988710167,233992.408223016 420055.681079503,234127.032000001 420056.595000004)))",지하차도,22,대전광역시 유성구 ,36710046,12995,엑스포지하차도,200,268.17,0,0,4.5,0,0,0,2,1
"MULTIPOLYGON (((234117.304077148 419297.829101562,234146.129089355 419298.897888184,234158.799072266 419299.472106934,234175.914123535 419300.278076172,234207.507080078 419300.554870605,234236.960083008 419300.765075684,234244.706115723 419300.821105957,234282.594116211 419300.861877441,234309.526123047 419301.092102051,234310.499084473 419283.707092285,234277.001098633 419283.502929688,234238.769104004 419283.506103516,234236.851074219 419283.507080078,234204.643127441 419283.527099609,234174.69708252 419283.37109375,234146.96307373 419282.983886719,234119.417114258 419280.356872559,234101.082 419278.86,234087.434 419278.483,234065.224 419275.502,234048.732 419272.755,233981.929 419257.556,233935.321 419241.88,233909.204 419233.194,233880.922 419223.584,233843.871 419210.434,233829.76 419204.957,233823.116 419220.975,233833.199 419224.975,233847.936 419230.475,233860.357 419235.0,233874.153 419239.727,233888.402 419244.554,233906.786 419250.715,233925.714 419257.082,233938.347 419261.255,233976.186 419274.002,234012.182 419281.401,234051.264 419287.379,234078.985 419290.357,234101.029 419292.1,234117.304077148 419297.829101562)))",지하차도,23,대전광역시 서구 ,36710056,46994,문예지하차도,495,8187.13,0,0,4.5,0,0,0,4,1
"MULTIPOLYGON (((234132.820129395 423955.980102539,234130.180114746 423952.150085449,234128.840087891 423954.660095215,234131.970092773 423959.230102539,234137.830078125 423967.790100098,234149.820129395 423985.300109863,234153.530090332 423990.730102539,234155.870117188 423989.360107422,234150.840087891 423982.070129395,234140.410095215 423966.960083008,234132.820129395 423955.980102539)))",지하차도,24,대전광역시 유성구 ,36710036,108097,,36,116.23,0,0,2.5,0,0,0,1,1
"MULTIPOLYGON (((230880.510070801 418284.230102539,230879.610107422 418284.150085449,230878.280090332 418284.550109863,230873.010070801 418286.840087891,230781.210083008 418326.230102539,230773.270080566 418329.930114746,230675.490112305 418371.480102539,230631.970092773 418390.140075684,230631.960083008 418390.310119629,230641.120117188 418411.280090332,230641.760070801 418411.190124512,230734.900085449 418371.690124512,230773.180114746 418355.450073242,230887.050109863 418306.680114746,230888.600097656 418306.00012207,230889.370117188 418305.220092773,230889.870117188 418303.940124512,230889.680114746 418302.570129395,230882.470092773 418285.470092773,230881.640075684 418284.660095215,230880.510070801 418284.230102539)))",지하차도,25,대전광역시 유성구 ,36710054,44768,유성지하차도,270,6382.81,0,0,0,0,0,0,10,1
"MULTIPOLYGON (((231499.785009743 416911.047002371,231499.899985743 416922.391994381,231500.138993743 416931.41599439,231500.525073743 416938.622074397,231500.737105743 416942.5850824,231501.469105744 416953.975098411,231502.278065745 416963.36908242,231503.429073746 416973.751098429,231505.004081747 416986.286074441,231506.478097749 416996.23609045,231507.156113749 417000.633114454,231537.755121778 417123.405082569,231542.078129782 417134.481082579,231547.463057787 417148.430106592,231550.51812979 417155.599130599,231554.628113794 417164.127066607,231559.513137798 417174.095098616,231566.303089805 417186.924058628,231573.964113812 417201.275098641,231582.226065819 417215.492122654,231587.953137825 417225.163098663,231593.34008183 417233.877082672,231598.456113834 417241.807130679,231603.97710584 417250.233082687,231610.121105845 417259.078138695,231616.605105851 417268.351066704,231622.450065857 417276.349114711,231627.136113861 417282.767098717,231632.903089867 417290.202074724,231639.840081873 417298.989082732,231641.669137875 417301.179066734,231654.294129886 417289.421082723,231647.12513788 417280.366074715,231641.009105874 417272.721114708,231634.977105868 417264.5230667,231629.413073863 417256.930106693,231623.301073858 417248.268122685,231616.275089851 417237.981082675,231610.219121845 417228.889114667,231604.960081841 417219.961114659,231600.786065837 417213.050106652,231598.557137835 417209.053114648,231595.170097831 417203.346138643,231592.257073829 417198.359130639,231588.850097826 417192.294138633,231585.723089823 417186.810106628,231582.71806582 417181.186106623,231579.362129817 417174.792122617,231577.374097815 417171.143130613,231574.044113812 417164.633114607,231570.252081808 417156.7531146,231566.332081805 417148.676090592,231564.052113802 417143.956122588,231562.131089801 417139.237114583,231559.348081798 417132.355098577,231556.859121796 417125.884090571,231554.546065794 417119.681082565,231553.824081793 417117.751098563,231524.235121765 416998.269114452,231522.886097764 416989.462106444,231521.179089762 416975.792122431,231519.476081761 416960.117114417,231518.68510576 416950.756090408,231517.920113759 416938.759098397,231517.917105759 416938.685114397,231517.470993759 416928.222010387,231517.263985759 416915.531002375,231517.314993759 416903.282010364,231517.591985759 416891.839002353,231518.20699376 416880.202010342,231518.90900976 416870.135994333,231519.905009761 416859.391002323,231521.034001762 416848.668986313,231522.207985763 416841.082010306,231533.306993774 416784.138010253,231516.790001758 416774.947002244,231505.721009748 416830.250010296,231504.026993747 416843.930010308,231502.243985745 416860.079994323,231501.471985744 416869.519994332,231500.774001743 416879.995994342,231500.238993743 416890.718010352,231500.023985743 416902.035994363,231499.785009743 416911.047002371)))",지하차도,26,대전광역시 서구 ,36710065,35410,만년지하차도,540,9512.63,0,0,0,0,0,0,6,1
"MULTIPOLYGON (((231592.174001829 416846.467994311,231585.485009822 416840.463994305,231577.981009815 416833.836986299,231571.535985809 416828.483002294,231565.326001804 416823.515002289,231558.794993798 416818.623994285,231545.446001785 416836.914010302,231551.12600179 416841.126010306,231555.570001795 416844.694010309,231559.385009798 416847.802010312,231564.946993803 416852.535002316,231574.487985812 416861.128986324,231583.958001821 416869.895994333,231591.967985828 416877.303002339,231608.839985844 416892.319002353,231621.178001856 416903.267002364,231636.055985869 416916.807002376,231648.926001881 416928.587002387,231660.521105892 416939.203130397,231661.116081893 416939.748122398,231755.494065981 417028.33113048,231762.655089987 417035.378106487,231772.884081997 417045.288090496,231785.279122008 417057.268122507,231797.23608202 417068.986074518,231808.72411403 417080.045114528,231819.44811404 417090.698106538,231830.11109005 417101.025082548,231840.61406606 417111.228090557,231850.040114069 417120.238106566,231860.814098079 417130.654106575,231865.422130083 417135.12908258,231865.539122083 417103.52709855,231851.12811407 417089.658074537,231833.112114053 417072.136122521,231811.893138033 417051.589114502,231792.437074015 417032.825082484,231771.377073996 417012.398074465,231693.894097923 416939.324090397,231678.223985909 416924.546010384,231664.402001896 416911.939994372,231653.687985886 416902.199994363,231640.578001874 416890.307002352,231626.831985861 416877.87801034,231615.883985851 416867.927994331,231606.042993842 416858.999994322,231597.170001833 416851.063002315,231592.174001829 416846.467994311)))",지하차도,27,대전광역시 서구 ,36710065,35409,계룡지하차도,472,9716.17,0,0,24.5,0,0,0,8,1
"MULTIPOLYGON (((230823.87512207 416760.832092285,230823.885070801 416759.731079102,230770.77911377 416759.992126465,230708.19909668 416760.188110352,230654.234130859 416760.141113281,230611.312072754 416760.300109863,230520.294128418 416760.439086914,230484.646118164 416760.49407959,230482.298095703 416760.382080078,230403.720092773 416759.997070312,230330.74810791 416759.681091309,230280.240112305 416759.510070801,230233.802124023 416759.353088379,230231.012084961 416759.336120605,230231.012084961 416760.057128906,230230.926086426 416783.16809082,230230.911071777 416783.868103027,230278.864074707 416784.040100098,230303.547119141 416784.113098145,230375.805114746 416784.327087402,230461.142089844 416784.689086914,230483.77911377 416784.811096191,230520.208129883 416784.82409668,230612.614074707 416784.857116699,230647.034118652 416784.972106934,230700.313110352 416784.861083984,230748.488098145 416784.590087891,230792.957092285 416784.315124512,230824.503112793 416784.259094238,230824.506103516 416784.12512207,230824.504089355 416783.394104004,230823.87512207 416760.832092285)))",지하차도,28,대전광역시 유성구 ,36710064,18326,진터지하차도,593,14542.67,98.58,2389.08,7.6,5.3,24.3,24.3,10,1
"MULTIPOLYGON (((232311.368 417906.445,232385.825 418008.176,232401.46 418029.392,232417.989 418051.674,232423.076 418058.531,232442.904 418083.715,232458.035 418102.041,232469.733 418115.405,232476.75 418123.699,232489.992 418111.615,232484.781 418105.821,232471.315 418090.331,232454.072 418069.128,232442.001 418053.897,232440.411 418051.758,232425.331 418031.467,232413.349 418015.33,232400.017 417997.111,232317.532 417885.354,232311.474 417877.737,232301.708 417865.457,232291.29 417853.467,232282.125 417842.761,232274.852 417834.595,232266.309 417825.07,232255.106 417813.251,232242.978 417800.951,232229.87 417788.113,232227.924 417786.139,232216.625 417800.028,232217.787 417801.023,232228.065 417811.134,232238.751 417821.808,232248.733 417832.193,232251.802 417835.488,232257.154 417841.231,232264.804 417849.728,232272.357 417858.177,232280.752 417868.003,232292.864 417882.641,232299.242 417890.509,232303.928 417896.28,232311.368 417906.445)))",지하차도,29,대전광역시 서구 ,36710055,45503,갑천지하차도,420,7394.04,0,0,4.5,0,0,0,4,1
"MULTIPOLYGON (((229166.892111818 418811.40760973,229166.892089844 418811.414123535,229194.741088867 418811.414123535,229292.50012207 418811.844116211,229425.489074707 418811.821105957,229425.566101074 418789.118103027,229292.806091309 418789.071105957,229166.970092773 418788.890075684,229105.230102539 418788.800109863,229105.25012207 418811.640075684,229151.770080566 418811.410095215,229166.892111818 418811.40760973)))",지하차도,30,대전광역시 유성구 ,36710053,35417,월드컵지하차도,320,7260.18,0,0,5,0,0,0,8,1
"MULTIPOLYGON (((228906.360107422 420534.050109863,228885.640075684 420523.600097656,228876.850097656 420540.810119629,228872.550109863 420549.430114746,228871.120117188 420552.290100098,228865.510070801 420562.780090332,228864.92010498 420563.900085449,228859.490112305 420573.710083008,228854.580078125 420582.370117188,228847.980102539 420593.330078125,228842.120117188 420603.210083008,228836.480102539 420611.910095215,228830.910095215 420620.950073242,228822.350097656 420633.450073242,228810.320129395 420651.560119629,228795.550109863 420673.110107422,228772.440124512 420706.25012207,228791.320129395 420719.710083008,228803.760070801 420702.00012207,228816.470092773 420683.610107422,228829.890075684 420664.130126953,228847.590087891 420637.160095215,228853.090087891 420629.930114746,228862.680114746 420613.630126953,228866.570129395 420607.070129395,228879.310119629 420585.510070801,228894.310119629 420558.090087891,228906.360107422 420534.050109863)))",지하차도,31,대전광역시 유성구 ,36710043,35408,노은지하차도,508,5025.71,0,0,0,0,0,0,6,1
"MULTIPOLYGON (((228730.730102539 420806.550109863,228711.690124512 420793.400085449,228711.590087891 420793.520080566,228697.930114746 420812.760070801,228689.660095215 420824.50012207,228667.560119629 420856.140075684,228648.390075684 420883.280090332,228629.030090332 420911.42010498,228627.620117188 420913.480102539,228620.720092773 420923.990112305,228619.050109863 420926.530090332,228612.650085449 420936.310119629,228606.340087891 420946.570129395,228615.790100098 420952.200073242,228625.950073242 420958.730102539,228639.700073242 420937.630126953,228652.75012207 420918.760070801,228667.550109863 420897.270080566,228695.050109863 420857.75012207,228711.460083008 420834.400085449,228726.600097656 420812.850097656,228730.730102539 420806.550109863)))",지하차도,32,대전광역시 유성구 ,36710043,35408,노은지하차도,508,4357.09,0,0,0,0,0,0,6,1
"MULTIPOLYGON (((229157.410095215 421617.180114746,229156.130126953 421614.510070801,229148.130126953 421616.00012207,229149.490112305 421618.680114746,229157.400085449 421634.230102539,229160.890075684 421641.100097656,229162.550109863 421644.370117188,229169.770080566 421642.990112305,229168.210083008 421639.730102539,229157.450073242 421617.280090332,229157.410095215 421617.180114746)))",지하차도,33,대전광역시 유성구 ,36710043,14018,,31.5,236.36,0,0,5,0,0,0,2,1
"MULTIPOLYGON (((229742.470092773 421542.310119629,229742.530090332 421518.110107422,229724.50012207 421521.310119629,229724.530090332 421545.340087891,229742.470092773 421542.310119629)))",지하차도,34,대전광역시 유성구 ,36710044,14018,,24.5,433.66,0,0,5,0,0,0,2,1
"MULTIPOLYGON (((233886.880126953 409456.450073242,233886.380126953 409452.400085449,233864.680114746 409454.990112305,233865.259887695 409459.660095215,233886.880126953 409456.450073242)))",지하차도,35,대전광역시 중구 ,36710086,97726,,21.8,96,0,0,0,0,0,0,1,1
"MULTIPOLYGON (((233886.300109863 409451.700073242,233885.390075684 409444.270080566,233863.690124512 409446.940124512,233864.350097656 409452.300109863,233864.600097656 409454.290100098,233886.300109863 409451.700073242)))",지하차도,36,대전광역시 중구 ,36710086,13625,,21.8,162.77,0,0,0,0,0,0,12,1
"MULTIPOLYGON (((234562.314527441 416132.850073239,234474.130126953 416155.960083008,234475.050109863 416155.989929199,234475.790100098 416156.210083008,234476.320129395 416157.020080566,234481.730102539 416178.660095215,234481.890075684 416179.489929199,234481.770080566 416180.119873047,234481.130126953 416180.910095215,234562.20473188 416160.790118364,234562.211126976 416159.159107669,234584.590087891 416153.310119629,234597.310119629 416149.980102539,234597.450073242 416149.950073242,234596.820129395 416149.140075684,234592.010070801 416130.25012207,234591.380126953 416126.900085449,234591.760070801 416125.92010498,234590.790100098 416126.17010498,234562.312095296 416133.408060562,234562.314527441 416132.850073239)))",지하차도,37,대전광역시 서구 ,36710066,14076,탄방지하차도,120,3089.03,0,0,0,0,0,0,11,1
"MULTIPOLYGON (((231309.544128418 414971.114074707,231318.419128418 414971.174072266,231359.712097168 414971.059082031,231413.82208252 414970.94708252,231424.437072754 414970.94909668,231459.082092285 414970.954101562,231513.004089355 414970.836120605,231551.520080566 414970.833129883,231579.69708252 414970.762084961,231579.539123535 414946.889099121,231559.083129883 414946.971130371,231532.438110352 414947.026123047,231508.223083496 414947.093078613,231484.551086426 414947.15411377,231456.068115234 414947.304077148,231424.523071289 414947.331115723,231416.167114258 414947.33807373,231384.510070801 414947.385070801,231324.468078613 414947.535095215,231309.153076172 414947.640075684,231193.021118164 414947.587097168,231146.95111084 414947.629089355,231101.159118652 414947.789123535,231057.223083496 414947.682128906,231016.439086914 414947.775085449,230975.598083496 414947.79510498,230940.131103516 414947.831115723,230940.342102051 414971.546081543,230963.800109863 414971.513122559,230975.513122559 414971.509094238,231000.516113281 414971.503112793,231039.083129883 414971.493103027,231085.823120117 414971.484130859,231129.690124512 414971.476074219,231192.644104004 414971.476074219,231309.544128418 414971.114074707)))",지하차도,38,대전광역시 유성구 ,36710064,31589,옥녀봉지하차도,640,15165.28,114.67,2773.74,3,4.5,24.16,24.16,8,1
"MULTIPOLYGON (((228272.17010498 415168.990112305,228266.330078125 415157.710083008,228244.810119629 415167.690124512,228251.040100098 415180.300109863,228272.17010498 415168.990112305)))",지하차도,39,대전광역시 유성구 ,36710063,56938,,23.8,318.97,0,0,0,0,0,0,1,1
"MULTIPOLYGON (((228790.149859161 416191.791695319,228785.900017097 416183.491686915,228761.402832374 416187.473105665,228765.619964597 416195.861286602,228790.149859161 416191.791695319)))",지하차도,40,대전광역시 유성구 ,36710063,56941,,24,221.59,0,0,0,0,0,0,2,1
"MULTIPOLYGON (((228508.680114746 415632.220092773,228507.330078125 415629.740112305,228505.390075684 415630.830078125,228485.680114746 415641.990112305,228484.140075684 415642.870117188,228485.75012207 415645.540100098,228487.090087891 415644.760070801,228506.680114746 415633.380126953,228508.680114746 415632.220092773)))",지하차도,41,대전광역시 유성구 ,36710063,18315,,22.6,79.09,0,0,0,0,0,0,1,1
"MULTIPOLYGON (((228498.330078125 415616.260070801,228496.92010498 415613.520080566,228475.730102539 415622.760070801,228477.590087891 415626.42010498,228498.330078125 415616.260070801)))",지하차도,42,대전광역시 유성구 ,36710063,56940,,23,82.95,0,0,0,0,0,0,1,1
"MULTIPOLYGON (((228469.530090332 415554.630126953,228468.630126953 415552.110107422,228447.330078125 415567.110107422,228448.160095215 415568.790100098,228469.530090332 415554.630126953)))",지하차도,43,대전광역시 유성구 ,36710063,94523,,25.5,57.42,0,0,0,0,0,0,1,1
"MULTIPOLYGON (((229997.667114258 415398.110107422,229997.626098633 415397.852111816,229987.850097656 415403.345092773,229986.985107422 415403.845092773,229977.046081543 415409.294128418,229977.153076172 415409.328125,229987.317077637 415426.780090332,230000.062072754 415447.194091797,230011.167114258 415464.257080078,230040.620117188 415508.064086914,230066.320129395 415546.438110352,230069.769104004 415551.586120605,230075.612121582 415560.318115234,230093.459106445 415586.986083984,230161.262084961 415687.278076172,230175.079101562 415707.874084473,230186.745117188 415724.807128906,230196.364074707 415739.179077148,230205.737121582 415753.165100098,230215.905090332 415768.412109375,230229.345092773 415788.508117676,230240.823120117 415805.561096191,230253.49810791 415824.505126953,230254.034118652 415825.306091309,230264.817077637 415841.37109375,230265.54510498 415842.452087402,230284.702087402 415830.358093262,230280.833129883 415824.601074219,230272.755126953 415812.579101562,230262.601074219 415797.392089844,230250.737121582 415779.816101074,230241.512084961 415765.921081543,230233.124084473 415753.309082031,230220.977111816 415735.268127441,230211.92010498 415721.908081055,230202.813110352 415708.37109375,230193.42010498 415694.482116699,230188.973083496 415687.854125977,230180.358093262 415674.833129883,230113.194091797 415574.450073242,230100.37310791 415555.29107666,230077.482116699 415521.208129883,230075.756103516 415518.622070312,230049.167114258 415478.778076172,230029.673095703 415449.450073242,230013.11907959 415424.024108887,230005.269104004 415410.984130859,229997.667114258 415398.110107422)))",지하차도,44,대전광역시 유성구 ,36710064,18318,상대지하차도,520,11986.8,101.74,2635.92,4,5.3,24.4,24.4,10,1
"MULTIPOLYGON (((229628.723 414973.069,229654.678100586 414972.87109375,229692.970092773 414972.69708252,229717.455078125 414972.785095215,229761.661071777 414972.698120117,229825.245117188 414972.722106934,229950.858093262 414972.321105957,230028.335083008 414972.398071289,230077.652099609 414972.37109375,230083.603088379 414972.367126465,230132.973083496 414972.364074707,230133.253112793 414972.484130859,230133.40411377 414972.669128418,230133.341125488 414949.057128906,230115.097106934 414949.167114258,230077.733093262 414949.188110352,230011.653076172 414949.224121094,229951.237121582 414949.313110352,229825.397094727 414949.450073242,229756.715087891 414949.568115234,229665.760070801 414949.762084961,229628.805 414948.874,229620.935 414948.855,229608.316 414948.854,229571.72 414948.898,229571.794 414973.104,229611.693 414973.103,229628.723 414973.069)))",지하차도,45,대전광역시 유성구 ,36710064,18317,도안지하차도,562,13077.46,0,0,10,0,24,0,12,1
"MULTIPOLYGON (((230317.21307373 411566.120117188,230301.37109375 411561.885070801,230282.992126465 411557.056091309,230265.329101562 411553.318115234,230260.617126465 411552.321105957,230229.895080566 411547.319091797,230214.038085938 411545.234130859,230177.456115723 411542.809082031,230154.835083008 411542.560119629,230136.484130859 411542.378112793,230114.752075195 411542.632080078,230112.07409668 411542.663085938,230089.524108887 411543.067077637,230054.399108887 411544.430114746,229993.409118652 411546.798095703,229982.081115723 411547.241088867,229934.863098145 411548.190124512,229892.556091309 411549.229125977,229872.938110352 411549.782104492,229861.880126953 411550.094116211,229851.582092285 411550.402099609,229822.413085938 411551.276123047,229796.318115234 411551.876098633,229770.331115723 411552.40612793,229771.372070312 411574.249084473,229783.102111816 411573.953125,229809.234130859 411573.179077148,229832.165100098 411572.622070312,229851.060119629 411572.099121094,229852.584106445 411572.053100586,229873.142089844 411571.435119629,229879.478088379 411571.24407959,229900.460083008 411570.730102539,229924.499084473 411570.131103516,229950.29309082 411569.465087891,229970.945129395 411568.775085449,229993.836120605 411567.970092773,230053.581115723 411566.132080078,230089.448120117 411565.02911377,230113.223083496 411564.431091309,230132.461120605 411564.097106934,230135.87310791 411564.038085938,230155.006103516 411563.839111328,230168.711120605 411564.115112305,230191.426086426 411565.262084961,230217.892089844 411567.596130371,230238.770080566 411570.639099121,230259.065124512 411574.140075684,230260.969116211 411574.542114258,230278.103088379 411578.160095215,230296.37512207 411582.896118164,230308.095092773 411585.934082031,230326.130126953 411591.185119629,230331.800109863 411570.181091309,230317.21307373 411566.120117188)))",지하차도,46,대전광역시 서구 ,36710074,14092,관저지하차도,560,12127.04,0,0,5,0,0,0,6,1
"MULTIPOLYGON (((234861.520080566 419251.840087891,234863.210083008 419250.910095215,234779.650085449 419252.060119629,234780.480102539 419252.290100098,234781.600097656 419252.910095215,234782.360107422 419253.550109863,234783.460083008 419255.220092773,234783.800109863 419256.200073242,234784.470092773 419274.830078125,234784.270080566 419275.970092773,234783.710083008 419277.270080566,234782.330078125 419278.67010498,234781.490112305 419279.00012207,234861.470092773 419277.130126953,234861.400085449 419277.070129395,234860.450073242 419275.990112305,234859.740112305 419274.580078125,234859.780090332 419255.360107422,234859.860107422 419254.67010498,234860.760070801 419252.930114746,234861.520080566 419251.840087891)))",지하차도,47,대전광역시 서구 ,36710056,41367,엑스포지하차도,75.6,2025.58,0,0,26.5,0,0,0,6,1
